0.125,-0.375778,-0.171019,-0.521061,-0.595488,-0.450791,0.0148533
0.375,0.0387133,-0.262698,-0.196206,-0.315274,-0.883291,0.106744
0.625,-0.0856123,-0.113769,0.884193,-0.425196,-0.0367548,-0.125648
0.875,0.135796,-0.203174,-0.135862,-0.14362,-0.947847,0.052731
1.125,-0.000104128,-0.044307,0.726551,-0.555105,-0.212608,-0.341784
1.375,-0.0835641,-0.157097,0.957745,0.100268,-0.0185948,0.201649
1.625,-0.0278536,-0.252715,0.61687,0.457614,-0.317879,0.494341
1.875,0.0579722,-0.277745,0.254859,0.463663,-0.634273,0.487091
2.125,0.127706,-0.25977,0.0243989,0.31176,-0.835956,0.345831
2.375,0.173807,-0.224294,-0.0836932,0.122773,-0.931125,0.17439
2.625,0.200442,-0.185115,-0.109087,-0.0518738,-0.954297,0.0167802
2.875,0.213396,-0.148329,-0.0854932,-0.196147,-0.934775,-0.113461
3.125,0.217389,-0.1161,-0.0356101,-0.308815,-0.892291,-0.215511
3.375,0.215765,-0.0888009,0.0265879,-0.393835,-0.838997,-0.29297
3.625,0.21076,-0.0660707,0.0929142,-0.456335,-0.782019,-0.350408
3.875,0.203827,-0.0473062,0.15877,-0.501121,-0.725367,-0.392084
4.125,0.195897,-0.0318759,0.221709,-0.532222,-0.671176,-0.421563
4.375,0.187559,-0.0192038,0.280551,-0.552859,-0.620483,-0.441691
4.625,0.179177,-0.00879608,0.334847,-0.565542,-0.573688,-0.454688
4.875,0.170973,-0.000241629,0.384556,-0.572202,-0.530832,-0.462263
5.125,0.163077,0.00679645,0.429861,-0.57432,-0.491765,-0.465729
5.375,0.155558,0.0125921,0.471053,-0.573027,-0.456237,-0.46609
5.625,0.148448,0.0173674,0.508469,-0.569188,-0.423962,-0.464114
5.875,0.141755,0.0213025,0.542454,-0.563464,-0.394644,-0.460391
6.125,0.135475,0.0245433,0.573341,-0.556362,-0.367995,-0.455373
6.375,0.12959,0.0272087,0.601444,-0.548271,-0.343747,-0.449409
6.625,0.124082,0.0293957,0.627047,-0.539487,-0.321654,-0.442768
6.875,0.118927,0.0311838,0.65041,-0.530242,-0.301494,-0.435656
7.125,0.114103,0.0326382,0.671763,-0.520711,-0.283067,-0.428233
7.375,0.109586,0.0338126,0.691314,-0.511028,-0.266195,-0.420622
7.625,0.105354,0.0347518,0.709247,-0.501297,-0.250719,-0.412919
7.875,0.101387,0.0354926,0.725726,-0.491597,-0.236498,-0.405197
8.125,0.0976632,0.036066,0.740895,-0.481987,-0.223407,-0.39751
8.375,0.0941653,0.0364977,0.754883,-0.472511,-0.211335,-0.389902
8.625,0.0908759,0.0368095,0.767804,-0.463203,-0.200184,-0.382404
8.875,0.0877793,0.0370195,0.77976,-0.454087,-0.189865,-0.375039
9.125,0.084861,0.0371432,0.790842,-0.445178,-0.180302,-0.367826
9.375,0.0821078,0.0371936,0.80113,-0.436487,-0.171424,-0.360775
9.625,0.0795073,0.0371818,0.810695,-0.428023,-0.163169,-0.353895
9.875,0.0770486,0.0371172,0.819602,-0.419788,-0.155482,-0.347191
10.125,0.0747214,0.0370078,0.827909,-0.411783,-0.148314,-0.340664
10.375,0.0725162,0.0368604,0.835666,-0.404007,-0.14162,-0.334317
10.625,0.0704247,0.0366811,0.84292,-0.396457,-0.135359,-0.328146
10.875,0.0684388,0.0364747,0.849713,-0.389129,-0.129497,-0.322152
11.125,0.0665515,0.0362456,0.856083,-0.382019,-0.124001,-0.31633
11.375,0.0647561,0.0359976,0.862062,-0.375122,-0.118842,-0.310677
11.625,0.0630464,0.0357339,0.867682,-0.368431,-0.113992,-0.305189
11.875,0.061417,0.0354572,0.872971,-0.36194,-0.109429,-0.299862
12.125,0.0598627,0.0351699,0.877953,-0.355644,-0.10513,-0.294691
12.375,0.0583787,0.0348742,0.882652,-0.349536,-0.101076,-0.289671
12.625,0.0569607,0.0345717,0.887088,-0.34361,-0.0972483,-0.284798
12.875,0.0556046,0.034264,0.89128,-0.337859,-0.0936313,-0.280067
13.125,0.0543067,0.0339525,0.895246,-0.332278,-0.0902099,-0.275474
13.375,0.0530636,0.0336383,0.899001,-0.326861,-0.0869702,-0.271013
13.625,0.051872,0.0333225,0.90256,-0.321601,-0.0838998,-0.26668
13.875,0.050729,0.0330058,0.905936,-0.316492,-0.0809874,-0.26247
14.125,0.0496317,0.032689,0.909142,-0.31153,-0.0782222,-0.258379
14.375,0.0485778,0.0323728,0.912187,-0.306709,-0.0755948,-0.254404
14.625,0.0475647,0.0320577,0.915084,-0.302024,-0.0730961,-0.250539
14.875,0.0465903,0.0317442,0.917841,-0.297469,-0.070718,-0.24678
15.125,0.0456525,0.0314327,0.920467,-0.293041,-0.0684529,-0.243125
15.375,0.0447493,0.0311235,0.92297,-0.288734,-0.0662939,-0.239569
15.625,0.043879,0.0308169,0.925358,-0.284543,-0.0642345,-0.236108
15.875,0.0430399,0.0305133,0.927637,-0.280465,-0.0622687,-0.23274
16.125,0.0422304,0.0302127,0.929814,-0.276496,-0.0603909,-0.22946
16.375,0.0414491,0.0299154,0.931895,-0.272632,-0.0585961,-0.226267
16.625,0.0406945,0.0296214,0.933886,-0.268868,-0.0568794,-0.223156
16.875,0.0399654,0.0293311,0.935791,-0.265201,-0.0552364,-0.220124
17.125,0.0392605,0.0290443,0.937616,-0.261628,-0.053663,-0.21717
17.375,0.0385788,0.0287612,0.939364,-0.258146,-0.0521554,-0.21429
17.625,0.037919,0.0284818,0.94104,-0.254751,-0.0507099,-0.211482
17.875,0.0372803,0.0282063,0.942649,-0.25144,-0.0493232,-0.208743
18.125,0.0366617,0.0279345,0.944192,-0.24821,-0.0479922,-0.206071
18.375,0.0360623,0.0276666,0.945675,-0.245059,-0.046714,-0.203463
18.625,0.0354811,0.0274025,0.947099,-0.241984,-0.0454858,-0.200918
18.875,0.0349176,0.0271421,0.948469,-0.238982,-0.044305,-0.198433
19.125,0.0343707,0.0268856,0.949786,-0.236051,-0.0431693,-0.196007
19.375,0.03384,0.0266329,0.951054,-0.233188,-0.0420764,-0.193636
19.625,0.0333247,0.026384,0.952274,-0.230392,-0.0410242,-0.191321
19.875,0.0328241,0.0261387,0.95345,-0.227659,-0.0400108,-0.189058
20.125,0.0323377,0.0258972,0.954583,-0.224989,-0.0390341,-0.186846
20.375,0.0318648,0.0256593,0.955675,-0.222378,-0.0380926,-0.184684
20.625,0.031405,0.025425,0.956729,-0.219825,-0.0371845,-0.182569
20.875,0.0309577,0.0251943,0.957745,-0.217329,-0.0363083,-0.180501
21.125,0.0305224,0.024967,0.958727,-0.214887,-0.0354625,-0.178478
21.375,0.0300987,0.0247433,0.959674,-0.212498,-0.0346458,-0.176498
21.625,0.0296862,0.024523,0.96059,-0.210159,-0.0338567,-0.17456
21.875,0.0292843,0.024306,0.961475,-0.207871,-0.0330942,-0.172664
22.125,0.0288928,0.0240923,0.96233,-0.20563,-0.032357,-0.170806
22.375,0.0285112,0.0238819,0.963158,-0.203436,-0.031644,-0.168988
22.625,0.0281391,0.0236747,0.963958,-0.201287,-0.0309541,-0.167206
22.875,0.0277763,0.0234707,0.964733,-0.199182,-0.0302865,-0.165461
23.125,0.0274224,0.0232697,0.965483,-0.197119,-0.0296401,-0.163751
23.375,0.027077,0.0230718,0.96621,-0.195098,-0.029014,-0.162075
23.625,0.02674,0.0228769,0.966914,-0.193117,-0.0284075,-0.160433
23.875,0.0264109,0.022685,0.967596,-0.191174,-0.0278197,-0.158822
24.125,0.0260895,0.0224959,0.968257,-0.18927,-0.0272498,-0.157243
24.375,0.0257756,0.0223096,0.968899,-0.187402,-0.0266972,-0.155694
24.625,0.025469,0.0221261,0.969521,-0.18557,-0.0261611,-0.154175
24.875,0.0251692,0.0219454,0.970125,-0.183773,-0.0256409,-0.152684
25.125,0.0248763,0.0217673,0.970711,-0.18201,-0.025136,-0.151222
25.375,0.0245898,0.0215919,0.97128,-0.180279,-0.0246458,-0.149786
25.625,0.0243097,0.0214191,0.971833,-0.178581,-0.0241697,-0.148378
25.875,0.0240356,0.0212487,0.97237,-0.176914,-0.0237072,-0.146994
26.125,0.0237675,0.0210809,0.972892,-0.175277,-0.0232578,-0.145636
26.375,0.0235051,0.0209155,0.973399,-0.173669,-0.022821,-0.144303
26.625,0.0232483,0.0207525,0.973892,-0.17209,-0.0223963,-0.142993
26.875,0.0229968,0.0205919,0.974371,-0.170539,-0.0219833,-0.141706
27.125,0.0227506,0.0204335,0.974838,-0.169016,-0.0215815,-0.140442
27.375,0.0225094,0.0202774,0.975292,-0.167518,-0.0211907,-0.139199
27.625,0.0222732,0.0201235,0.975734,-0.166047,-0.0208102,-0.137979
27.875,0.0220417,0.0199719,0.976164,-0.164601,-0.0204399,-0.136779
28.125,0.0218148,0.0198223,0.976582,-0.16318,-0.0200793,-0.135599
28.375,0.0215924,0.0196748,0.97699,-0.161782,-0.0197282,-0.134439
28.625,0.0213744,0.0195294,0.977388,-0.160408,-0.0193861,-0.133299
28.875,0.0211607,0.019386,0.977775,-0.159057,-0.0190528,-0.132177
29.125,0.020951,0.0192446,0.978152,-0.157728,-0.018728,-0.131074
29.375,0.0207454,0.0191051,0.97852,-0.156421,-0.0184113,-0.129989
29.625,0.0205436,0.0189675,0.978878,-0.155134,-0.0181026,-0.128922
29.875,0.0203457,0.0188318,0.979228,-0.153869,-0.0178016,-0.127872
30.125,0.0201514,0.0186979,0.979569,-0.152624,-0.017508,-0.126838
30.375,0.0199607,0.0185658,0.979902,-0.151398,-0.0172215,-0.125821
30.625,0.0197734,0.0184355,0.980227,-0.150192,-0.016942,-0.124819
30.875,0.0195896,0.0183069,0.980544,-0.149005,-0.0166692,-0.123834
31.125,0.0194091,0.0181801,0.980853,-0.147836,-0.0164029,-0.122863
31.375,0.0192318,0.0180548,0.981155,-0.146685,-0.0161429,-0.121908
31.625,0.0190576,0.0179313,0.98145,-0.145551,-0.015889,-0.120967
31.875,0.0188865,0.0178093,0.981738,-0.144435,-0.015641,-0.12004
32.125,0.0187184,0.0176889,0.98202,-0.143336,-0.0153987,-0.119127
32.375,0.0185531,0.0175701,0.982295,-0.142253,-0.015162,-0.118228
32.625,0.0183907,0.0174528,0.982564,-0.141186,-0.0149307,-0.117342
32.875,0.018231,0.017337,0.982827,-0.140135,-0.0147046,-0.116469
33.125,0.018074,0.0172227,0.983083,-0.139099,-0.0144836,-0.115609
33.375,0.0179197,0.0171098,0.983335,-0.138078,-0.0142675,-0.114762
33.625,0.0177679,0.0169983,0.98358,-0.137072,-0.0140562,-0.113926
33.875,0.0176186,0.0168882,0.98382,-0.13608,-0.0138495,-0.113103
34.125,0.0174717,0.0167795,0.984055,-0.135102,-0.0136474,-0.112291
34.375,0.0173272,0.0166721,0.984285,-0.134139,-0.0134496,-0.111491
34.625,0.017185,0.0165661,0.98451,-0.133188,-0.013256,-0.110702
34.875,0.0170451,0.0164613,0.984731,-0.132251,-0.0130666,-0.109923
35.125,0.0169074,0.0163578,0.984946,-0.131327,-0.0128812,-0.109156
35.375,0.0167719,0.0162556,0.985157,-0.130416,-0.0126997,-0.108399
35.625,0.0166385,0.0161546,0.985364,-0.129517,-0.0125219,-0.107653
35.875,0.0165071,0.0160548,0.985566,-0.12863,-0.0123479,-0.106916
36.125,0.0163778,0.0159562,0.985764,-0.127756,-0.0121775,-0.10619
36.375,0.0162504,0.0158588,0.985958,-0.126893,-0.0120105,-0.105473
36.625,0.016125,0.0157625,0.986149,-0.126041,-0.0118469,-0.104766
36.875,0.0160014,0.0156673,0.986335,-0.125201,-0.0116867,-0.104068
37.125,0.0158797,0.0155733,0.986518,-0.124371,-0.0115296,-0.103379
37.375,0.0157598,0.0154803,0.986697,-0.123553,-0.0113757,-0.102699
37.625,0.0156416,0.0153885,0.986872,-0.122745,-0.0112248,-0.102028
37.875,0.0155252,0.0152976,0.987044,-0.121948,-0.0110769,-0.101366
38.125,0.0154105,0.0152079,0.987213,-0.12116,-0.0109319,-0.100712
38.375,0.0152974,0.0151191,0.987378,-0.120383,-0.0107897,-0.100067
38.625,0.015186,0.0150313,0.98754,-0.119616,-0.0106502,-0.0994292
38.875,0.0150761,0.0149446,0.987699,-0.118858,-0.0105134,-0.0987998
39.125,0.0149678,0.0148588,0.987856,-0.11811,-0.0103792,-0.0981782
39.375,0.014861,0.0147739,0.988009,-0.117371,-0.0102476,-0.0975644
39.625,0.0147556,0.01469,0.988159,-0.116641,-0.0101184,-0.0969581
39.875,0.0146518,0.014607,0.988306,-0.11592,-0.00999166,-0.0963593
40.125,0.0145493,0.014525,0.988451,-0.115208,-0.00986727,-0.0957678
40.375,0.0144483,0.0144438,0.988593,-0.114505,-0.00974516,-0.0951834
40.625,0.0143486,0.0143635,0.988733,-0.11381,-0.0096253,-0.0946061
40.875,0.0142503,0.0142841,0.98887,-0.113123,-0.00950763,-0.0940357
41.125,0.0141533,0.0142055,0.989004,-0.112445,-0.00939209,-0.0934721
41.375,0.0140576,0.0141278,0.989136,-0.111774,-0.00927863,-0.0929151
41.625,0.0139632,0.0140509,0.989266,-0.111112,-0.00916721,-0.0923647
41.875,0.0138699,0.0139749,0.989393,-0.110457,-0.00905777,-0.0918207
42.125,0.013778,0.0138996,0.989518,-0.10981,-0.00895026,-0.0912831
42.375,0.0136872,0.0138251,0.989641,-0.10917,-0.00884466,-0.0907517
42.625,0.0135975,0.0137514,0.989762,-0.108538,-0.0087409,-0.0902264
42.875,0.0135091,0.0136785,0.98988,-0.107913,-0.00863894,-0.0897071
43.125,0.0134217,0.0136063,0.989997,-0.107295,-0.00853875,-0.0891937
43.375,0.0133355,0.0135348,0.990112,-0.106684,-0.00844028,-0.0886861
43.625,0.0132503,0.0134641,0.990224,-0.10608,-0.0083435,-0.0881842
43.875,0.0131662,0.0133942,0.990335,-0.105482,-0.00824836,-0.0876879
44.125,0.0130831,0.0133249,0.990444,-0.104892,-0.00815484,-0.0871972
44.375,0.0130011,0.0132563,0.990551,-0.104308,-0.00806289,-0.0867119
44.625,0.0129201,0.0131884,0.990656,-0.10373,-0.00797247,-0.0862319
44.875,0.0128401,0.0131212,0.99076,-0.103159,-0.00788356,-0.0857571
45.125,0.012761,0.0130547,0.990862,-0.102593,-0.00779612,-0.0852876
45.375,0.0126829,0.0129888,0.990962,-0.102034,-0.00771012,-0.0848231
45.625,0.0126058,0.0129236,0.99106,-0.101481,-0.00762553,-0.0843636
45.875,0.0125295,0.012859,0.991157,-0.100934,-0.00754231,-0.0839091
46.125,0.0124542,0.0127951,0.991252,-0.100393,-0.00746044,-0.0834594
46.375,0.0123797,0.0127317,0.991346,-0.0998576,-0.00737989,-0.0830145
46.625,0.0123061,0.012669,0.991438,-0.0993278,-0.00730063,-0.0825742
46.875,0.0122334,0.0126069,0.991529,-0.0988035,-0.00722264,-0.0821386
47.125,0.0121615,0.0125454,0.991619,-0.0982847,-0.00714588,-0.0817075
47.375,0.0120905,0.0124845,0.991707,-0.0977713,-0.00707033,-0.0812809
47.625,0.0120203,0.0124242,0.991793,-0.0972632,-0.00699597,-0.0808587
47.875,0.0119508,0.0123644,0.991879,-0.0967604,-0.00692276,-0.0804409
48.125,0.0118822,0.0123052,0.991962,-0.0962627,-0.0068507,-0.0800273
48.375,0.0118143,0.0122465,0.992045,-0.09577,-0.00677974,-0.079618
48.625,0.0117472,0.0121884,0.992127,-0.0952824,-0.00670988,-0.0792127
48.875,0.0116808,0.0121309,0.992207,-0.0947996,-0.00664108,-0.0788116
49.125,0.0116152,0.0120739,0.992286,-0.0943217,-0.00657334,-0.0784145
49.375,0.0115503,0.0120174,0.992363,-0.0938486,-0.00650661,-0.0780214
49.625,0.0114861,0.0119614,0.99244,-0.0933802,-0.0064409,-0.0776321
49.875,0.0114226,0.0119059,0.992515,-0.0929164,-0.00637617,-0.0772467
50.125,0.0113598,0.0118509,0.99259,-0.0924572,-0.0063124,-0.0768651
50.375,0.0112977,0.0117965,0.992663,-0.0920025,-0.00624958,-0.0764872
50.625,0.0112363,0.0117425,0.992735,-0.0915522,-0.00618769,-0.076113
50.875,0.0111755,0.011689,0.992806,-0.0911063,-0.0061267,-0.0757425
51.125,0.0111153,0.011636,0.992876,-0.0906646,-0.00606661,-0.0753755
51.375,0.0110558,0.0115835,0.992945,-0.0902273,-0.0060074,-0.075012
51.625,0.0109969,0.0115314,0.993013,-0.0897941,-0.00594904,-0.074652
51.875,0.0109387,0.0114798,0.99308,-0.089365,-0.00589152,-0.0742954
52.125,0.010881,0.0114287,0.993146,-0.08894,-0.00583483,-0.0739422
52.375,0.010824,0.011378,0.993211,-0.088519,-0.00577895,-0.0735924
52.625,0.0107675,0.0113277,0.993275,-0.0881019,-0.00572386,-0.0732458
52.875,0.0107116,0.0112779,0.993339,-0.0876888,-0.00566955,-0.0729024
53.125,0.0106563,0.0112285,0.993401,-0.0872794,-0.005616,-0.0725623
53.375,0.0106015,0.0111795,0.993463,-0.0868739,-0.00556321,-0.0722253
53.625,0.0105473,0.011131,0.993523,-0.0864721,-0.00551115,-0.0718913
53.875,0.0104936,0.0110828,0.993583,-0.086074,-0.00545982,-0.0715605
54.125,0.0104405,0.0110351,0.993642,-0.0856795,-0.0054092,-0.0712327
54.375,0.0103879,0.0109878,0.9937,-0.0852887,-0.00535927,-0.0709078
54.625,0.0103359,0.0109409,0.993758,-0.0849013,-0.00531002,-0.0705859
54.875,0.0102843,0.0108944,0.993814,-0.0845175,-0.00526145,-0.0702669
55.125,0.0102332,0.0108482,0.99387,-0.084137,-0.00521354,-0.0699507
55.375,0.0101827,0.0108025,0.993925,-0.08376,-0.00516627,-0.0696374
55.625,0.0101326,0.0107571,0.99398,-0.0833863,-0.00511965,-0.0693268
55.875,0.0100831,0.0107121,0.994033,-0.083016,-0.00507364,-0.069019
56.125,0.010034,0.0106675,0.994086,-0.0826489,-0.00502825,-0.0687139
56.375,0.00998534,0.0106233,0.994139,-0.082285,-0.00498346,-0.0684115
56.625,0.00993718,0.0105794,0.99419,-0.0819243,-0.00493926,-0.0681117
56.875,0.00988948,0.0105358,0.994241,-0.0815668,-0.00489565,-0.0678146
57.125,0.00984223,0.0104927,0.994291,-0.0812123,-0.00485261,-0.06752
57.375,0.00979542,0.0104498,0.994341,-0.0808609,-0.00481013,-0.0672279
57.625,0.00974906,0.0104073,0.99439,-0.0805125,-0.0047682,-0.0669384
57.875,0.00970312,0.0103652,0.994438,-0.0801671,-0.00472681,-0.0666513
58.125,0.00965761,0.0103234,0.994486,-0.0798246,-0.00468595,-0.0663667
58.375,0.00961253,0.0102819,0.994533,-0.0794851,-0.00464562,-0.0660844
58.625,0.00956786,0.0102408,0.994579,-0.0791484,-0.00460581,-0.0658046
58.875,0.00952359,0.0101999,0.994625,-0.0788145,-0.0045665,-0.0655271
59.125,0.00947974,0.0101595,0.99467,-0.0784834,-0.00452769,-0.0652519
59.375,0.00943628,0.0101193,0.994715,-0.0781551,-0.00448937,-0.0649791
59.625,0.00939321,0.0100794,0.994759,-0.0778295,-0.00445153,-0.0647085
59.875,0.00935053,0.0100398,0.994803,-0.0775067,-0.00441416,-0.0644401
60.125,0.00930824,0.0100006,0.994846,-0.0771864,-0.00437726,-0.0641739
60.375,0.00926632,0.00996165,0.994888,-0.0768688,-0.00434082,-0.06391
60.625,0.00922477,0.009923,0.99493,-0.0765538,-0.00430483,-0.0636481
60.875,0.00918359,0.00988465,0.994972,-0.0762414,-0.00426928,-0.0633885
61.125,0.00914278,0.00984659,0.995013,-0.0759315,-0.00423416,-0.0631309
61.375,0.00910232,0.00980882,0.995053,-0.0756241,-0.00419948,-0.0628754
61.625,0.00906222,0.00977133,0.995093,-0.0753191,-0.00416521,-0.0626219
61.875,0.00902246,0.00973413,0.995133,-0.0750166,-0.00413136,-0.0623705
62.125,0.00898305,0.00969722,0.995172,-0.0747165,-0.00409792,-0.0621211
62.375,0.00894398,0.00966057,0.99521,-0.0744188,-0.00406488,-0.0618736
62.625,0.00890525,0.0096242,0.995248,-0.0741235,-0.00403224,-0.0616281
62.875,0.00886684,0.0095881,0.995286,-0.0738305,-0.00399999,-0.0613846
63.125,0.00882877,0.00955227,0.995323,-0.0735398,-0.00396811,-0.061143
63.375,0.00879101,0.00951671,0.99536,-0.0732513,-0.00393662,-0.0609032
63.625,0.00875358,0.0094814,0.995396,-0.0729651,-0.00390549,-0.0606653
63.875,0.00871646,0.00944636,0.995432,-0.0726812,-0.00387474,-0.0604293
64.125,0.00867965,0.00941157,0.995468,-0.0723994,-0.00384434,-0.0601951
64.375,0.00864315,0.00937704,0.995503,-0.0721198,-0.00381429,-0.0599627
64.625,0.00860695,0.00934275,0.995538,-0.0718423,-0.00378459,-0.0597321
64.875,0.00857105,0.00930872,0.995572,-0.071567,-0.00375524,-0.0595032
65.125,0.00853545,0.00927492,0.995606,-0.0712938,-0.00372622,-0.0592761
65.375,0.00850014,0.00924138,0.995639,-0.0710226,-0.00369754,-0.0590507
65.625,0.00846512,0.00920807,0.995672,-0.0707535,-0.00366918,-0.058827
65.875,0.00843038,0.009175,0.995705,-0.0704864,-0.00364115,-0.058605
66.125,0.00839592,0.00914216,0.995737,-0.0702213,-0.00361344,-0.0583846
66.375,0.00836175,0.00910956,0.995769,-0.0699582,-0.00358603,-0.0581659
66.625,0.00832785,0.00907719,0.995801,-0.0696971,-0.00355894,-0.0579489
66.875,0.00829422,0.00904504,0.995832,-0.0694379,-0.00353215,-0.0577334
67.125,0.00826086,0.00901312,0.995863,-0.0691806,-0.00350566,-0.0575196
67.375,0.00822776,0.00898143,0.995894,-0.0689252,-0.00347946,-0.0573073
67.625,0.00819493,0.00894995,0.995924,-0.0686716,-0.00345356,-0.0570965
67.875,0.00816235,0.00891869,0.995954,-0.06842,-0.00342794,-0.0568873
68.125,0.00813004,0.00888765,0.995984,-0.0681701,-0.0034026,-0.0566797
68.375,0.00809797,0.00885682,0.996013,-0.0679221,-0.00337754,-0.0564735
68.625,0.00806616,0.00882621,0.996042,-0.0676759,-0.00335275,-0.0562688
68.875,0.00803459,0.0087958,0.996071,-0.0674314,-0.00332824,-0.0560656
69.125,0.00800326,0.00876561,0.996099,-0.0671887,-0.00330399,-0.0558639
69.375,0.00797218,0.00873561,0.996127,-0.0669478,-0.00328,-0.0556636
69.625,0.00794134,0.00870582,0.996155,-0.0667085,-0.00325627,-0.0554647
69.875,0.00791073,0.00867624,0.996182,-0.066471,-0.00323279,-0.0552673
70.125,0.00788036,0.00864685,0.996209,-0.0662351,-0.00320957,-0.0550712
70.375,0.00785022,0.00861766,0.996236,-0.0660009,-0.00318659,-0.0548765
70.625,0.0078203,0.00858866,0.996263,-0.0657684,-0.00316386,-0.0546832
70.875,0.00779061,0.00855986,0.996289,-0.0655375,-0.00314137,-0.0544913
71.125,0.00776115,0.00853124,0.996315,-0.0653082,-0.00311912,-0.0543006
71.375,0.0077319,0.00850282,0.996341,-0.0650804,-0.0030971,-0.0541114
71.625,0.00770288,0.00847459,0.996366,-0.0648543,-0.00307531,-0.0539234
71.875,0.00767406,0.00844654,0.996391,-0.0646297,-0.00305374,-0.0537367
72.125,0.00764547,0.00841868,0.996416,-0.0644067,-0.0030324,-0.0535513
72.375,0.00761708,0.00839099,0.996441,-0.0641852,-0.00301129,-0.0533672
72.625,0.0075889,0.00836349,0.996465,-0.0639652,-0.00299039,-0.0531843
72.875,0.00756093,0.00833617,0.99649,-0.0637468,-0.0029697,-0.0530027
73.125,0.00753316,0.00830902,0.996514,-0.0635298,-0.00294923,-0.0528223
73.375,0.0075056,0.00828205,0.996537,-0.0633142,-0.00292897,-0.0526432
73.625,0.00747823,0.00825525,0.996561,-0.0631002,-0.00290892,-0.0524652
73.875,0.00745106,0.00822863,0.996584,-0.0628875,-0.00288906,-0.0522885
74.125,0.00742409,0.00820217,0.996607,-0.0626763,-0.00286941,-0.0521129
74.375,0.00739731,0.00817589,0.99663,-0.0624665,-0.00284996,-0.0519385
74.625,0.00737072,0.00814977,0.996652,-0.0622581,-0.0028307,-0.0517653
74.875,0.00734432,0.00812382,0.996674,-0.0620511,-0.00281164,-0.0515932
75.125,0.00731811,0.00809803,0.996697,-0.0618455,-0.00279277,-0.0514222
75.375,0.00729208,0.0080724,0.996718,-0.0616412,-0.00277408,-0.0512524
75.625,0.00726624,0.00804693,0.99674,-0.0614382,-0.00275558,-0.0510837
75.875,0.00724058,0.00802163,0.996761,-0.0612366,-0.00273726,-0.0509161
76.125,0.0072151,0.00799648,0.996783,-0.0610363,-0.00271913,-0.0507496
76.375,0.00718979,0.00797148,0.996804,-0.0608373,-0.00270117,-0.0505841
76.625,0.00716466,0.00794665,0.996824,-0.0606396,-0.00268338,-0.0504198
76.875,0.00713971,0.00792196,0.996845,-0.0604432,-0.00266578,-0.0502565
77.125,0.00711493,0.00789743,0.996865,-0.060248,-0.00264834,-0.0500943
77.375,0.00709031,0.00787305,0.996886,-0.0600541,-0.00263107,-0.0499331
77.625,0.00706587,0.00784882,0.996906,-0.0598615,-0.00261397,-0.0497729
77.875,0.00704159,0.00782473,0.996925,-0.05967,-0.00259703,-0.0496138
78.125,0.00701748,0.0078008,0.996945,-0.0594798,-0.00258026,-0.0494556
78.375,0.00699354,0.007777,0.996965,-0.0592908,-0.00256364,-0.0492985
78.625,0.00696975,0.00775336,0.996984,-0.059103,-0.00254719,-0.0491424
78.875,0.00694613,0.00772985,0.997003,-0.0589163,-0.00253089,-0.0489872
79.125,0.00692266,0.00770649,0.997022,-0.0587309,-0.00251475,-0.0488331
79.375,0.00689935,0.00768326,0.99704,-0.0585466,-0.00249876,-0.0486798
79.625,0.0068762,0.00766018,0.997059,-0.0583634,-0.00248292,-0.0485276
79.875,0.0068532,0.00763723,0.997077,-0.0581814,-0.00246723,-0.0483763
80.125,0.00683035,0.00761442,0.997096,-0.0580006,-0.00245168,-0.0482259
80.375,0.00680766,0.00759175,0.997114,-0.0578208,-0.00243628,-0.0480765
80.625,0.00678511,0.00756921,0.997131,-0.0576422,-0.00242103,-0.047928
80.875,0.00676271,0.0075468,0.997149,-0.0574646,-0.00240592,-0.0477804
81.125,0.00674046,0.00752452,0.997167,-0.0572881,-0.00239094,-0.0476337
81.375,0.00671835,0.00750238,0.997184,-0.0571128,-0.00237611,-0.0474879
81.625,0.00669639,0.00748036,0.997201,-0.0569385,-0.00236141,-0.047343
81.875,0.00667457,0.00745847,0.997218,-0.0567652,-0.00234684,-0.0471989
82.125,0.00665289,0.00743671,0.997235,-0.056593,-0.00233241,-0.0470558
82.375,0.00663135,0.00741508,0.997252,-0.0564218,-0.00231811,-0.0469135
82.625,0.00660995,0.00739357,0.997268,-0.0562517,-0.00230394,-0.0467721
82.875,0.00658868,0.00737218,0.997285,-0.0560826,-0.0022899,-0.0466315
83.125,0.00656755,0.00735092,0.997301,-0.0559145,-0.00227599,-0.0464917
83.375,0.00654656,0.00732978,0.997317,-0.0557474,-0.0022622,-0.0463528
83.625,0.0065257,0.00730876,0.997333,-0.0555813,-0.00224853,-0.0462147
83.875,0.00650497,0.00728786,0.997349,-0.0554162,-0.00223499,-0.0460774
84.125,0.00648437,0.00726707,0.997365,-0.055252,-0.00222157,-0.045941
84.375,0.0064639,0.00724641,0.997381,-0.0550888,-0.00220827,-0.0458053
84.625,0.00644356,0.00722586,0.997396,-0.0549266,-0.00219508,-0.0456705
84.875,0.00642335,0.00720543,0.997411,-0.0547654,-0.00218202,-0.0455364
85.125,0.00640326,0.00718511,0.997426,-0.0546051,-0.00216906,-0.0454031
85.375,0.00638329,0.00716491,0.997441,-0.0544457,-0.00215623,-0.0452706
85.625,0.00636345,0.00714482,0.997456,-0.0542872,-0.0021435,-0.0451389
85.875,0.00634374,0.00712484,0.997471,-0.0541297,-0.00213089,-0.0450079
86.125,0.00632414,0.00710497,0.997486,-0.053973,-0.00211838,-0.0448777
86.375,0.00630466,0.00708522,0.9975,-0.0538173,-0.00210599,-0.0447483
86.625,0.00628531,0.00706557,0.997515,-0.0536625,-0.0020937,-0.0446195
86.875,0.00626607,0.00704603,0.997529,-0.0535085,-0.00208152,-0.0444915
87.125,0.00624694,0.0070266,0.997543,-0.0533555,-0.00206944,-0.0443643
87.375,0.00622794,0.00700727,0.997557,-0.0532033,-0.00205747,-0.0442378
87.625,0.00620904,0.00698805,0.997571,-0.0530519,-0.0020456,-0.044112
87.875,0.00619027,0.00696893,0.997585,-0.0529015,-0.00203383,-0.0439869
88.125,0.0061716,0.00694992,0.997599,-0.0527518,-0.00202216,-0.0438625
88.375,0.00615305,0.00693101,0.997612,-0.0526031,-0.00201059,-0.0437388
88.625,0.0061346,0.00691221,0.997626,-0.0524551,-0.00199912,-0.0436158
88.875,0.00611627,0.0068935,0.997639,-0.052308,-0.00198775,-0.0434935
89.125,0.00609805,0.0068749,0.997652,-0.0521617,-0.00197647,-0.0433719
89.375,0.00607993,0.00685639,0.997665,-0.0520162,-0.00196529,-0.0432509
89.625,0.00606192,0.00683799,0.997678,-0.0518716,-0.0019542,-0.0431306
89.875,0.00604401,0.00681968,0.997691,-0.0517277,-0.0019432,-0.043011
90.125,0.00602621,0.00680147,0.997704,-0.0515846,-0.0019323,-0.0428921
90.375,0.00600852,0.00678336,0.997717,-0.0514423,-0.00192148,-0.0427738
90.625,0.00599093,0.00676534,0.997729,-0.0513008,-0.00191076,-0.0426562
90.875,0.00597344,0.00674742,0.997742,-0.0511601,-0.00190012,-0.0425392
91.125,0.00595605,0.00672959,0.997754,-0.0510201,-0.00188957,-0.0424228
91.375,0.00593876,0.00671186,0.997766,-0.0508809,-0.00187911,-0.0423071
91.625,0.00592157,0.00669422,0.997778,-0.0507425,-0.00186874,-0.042192
91.875,0.00590448,0.00667667,0.99779,-0.0506048,-0.00185845,-0.0420775
92.125,0.00588749,0.00665921,0.997802,-0.0504678,-0.00184824,-0.0419636
92.375,0.0058706,0.00664184,0.997814,-0.0503316,-0.00183812,-0.0418504
92.625,0.0058538,0.00662457,0.997826,-0.0501962,-0.00182807,-0.0417378
92.875,0.0058371,0.00660738,0.997838,-0.0500614,-0.00181811,-0.0416258
93.125,0.00582049,0.00659028,0.997849,-0.0499274,-0.00180823,-0.0415143
93.375,0.00580398,0.00657327,0.997861,-0.0497941,-0.00179843,-0.0414035
93.625,0.00578756,0.00655635,0.997872,-0.0496615,-0.00178871,-0.0412932
93.875,0.00577123,0.00653951,0.997884,-0.0495296,-0.00177907,-0.0411836
94.125,0.00575499,0.00652276,0.997895,-0.0493984,-0.0017695,-0.0410745
94.375,0.00573884,0.0065061,0.997906,-0.0492678,-0.00176001,-0.040966
94.625,0.00572279,0.00648952,0.997917,-0.049138,-0.0017506,-0.0408581
94.875,0.00570682,0.00647302,0.997928,-0.0490089,-0.00174126,-0.0407507
95.125,0.00569094,0.00645661,0.997939,-0.0488804,-0.00173199,-0.0406439
95.375,0.00567515,0.00644028,0.99795,-0.0487526,-0.0017228,-0.0405376
95.625,0.00565945,0.00642403,0.99796,-0.0486255,-0.00171367,-0.040432
95.875,0.00564383,0.00640786,0.997971,-0.048499,-0.00170462,-0.0403268
96.125,0.0056283,0.00639177,0.997981,-0.0483732,-0.00169565,-0.0402222
96.375,0.00561285,0.00637577,0.997992,-0.048248,-0.00168674,-0.0401181
96.625,0.00559749,0.00635984,0.998002,-0.0481235,-0.0016779,-0.0400146
96.875,0.00558221,0.006344,0.998012,-0.0479996,-0.00166913,-0.0399116
97.125,0.00556701,0.00632823,0.998023,-0.0478764,-0.00166042,-0.0398092
97.375,0.0055519,0.00631254,0.998033,-0.0477538,-0.00165179,-0.0397072
97.625,0.00553686,0.00629693,0.998043,-0.0476318,-0.00164322,-0.0396058
97.875,0.00552191,0.00628139,0.998053,-0.0475104,-0.00163471,-0.0395049
98.125,0.00550704,0.00626593,0.998063,-0.0473897,-0.00162628,-0.0394045
98.375,0.00549225,0.00625055,0.998073,-0.0472695,-0.0016179,-0.0393046
98.625,0.00547753,0.00623524,0.998082,-0.04715,-0.00160959,-0.0392053
98.875,0.0054629,0.00622,0.998092,-0.0470311,-0.00160135,-0.0391064
99.125,0.00544834,0.00620484,0.998102,-0.0469127,-0.00159316,-0.039008
99.375,0.00543386,0.00618976,0.998111,-0.046795,-0.00158504,-0.0389101
99.625,0.00541946,0.00617474,0.998121,-0.0466779,-0.00157698,-0.0388127
99.875,0.00540513,0.0061598,0.99813,-0.0465613,-0.00156898,-0.0387158
100.125,0.00539088,0.00614493,0.998139,-0.0464453,-0.00156104,-0.0386194
100.375,0.0053767,0.00613014,0.998149,-0.0463299,-0.00155316,-0.0385234
100.625,0.0053626,0.00611541,0.998158,-0.0462151,-0.00154534,-0.038428
100.875,0.00534857,0.00610075,0.998167,-0.0461008,-0.00153757,-0.038333
101.125,0.00533461,0.00608617,0.998176,-0.0459871,-0.00152987,-0.0382384
101.375,0.00532073,0.00607165,0.998185,-0.0458739,-0.00152222,-0.0381443
101.625,0.00530691,0.0060572,0.998194,-0.0457613,-0.00151463,-0.0380507
101.875,0.00529317,0.00604282,0.998203,-0.0456493,-0.00150709,-0.0379576
102.125,0.0052795,0.00602851,0.998211,-0.0455378,-0.00149961,-0.0378649
102.375,0.0052659,0.00601427,0.99822,-0.0454269,-0.00149219,-0.0377726
102.625,0.00525237,0.00600009,0.998229,-0.0453164,-0.00148482,-0.0376808
102.875,0.00523891,0.00598598,0.998237,-0.0452066,-0.0014775,-0.0375895
103.125,0.00522551,0.00597193,0.998246,-0.0450972,-0.00147023,-0.0374986
103.375,0.00521219,0.00595795,0.998254,-0.0449884,-0.00146302,-0.0374081
103.625,0.00519893,0.00594404,0.998263,-0.0448801,-0.00145587,-0.0373181
103.875,0.00518574,0.00593019,0.998271,-0.0447723,-0.00144876,-0.0372285
104.125,0.00517262,0.0059164,0.998279,-0.0446651,-0.0014417,-0.0371393
104.375,0.00515956,0.00590268,0.998288,-0.0445583,-0.0014347,-0.0370505
104.625,0.00514656,0.00588902,0.998296,-0.0444521,-0.00142775,-0.0369622
104.875,0.00513364,0.00587543,0.998304,-0.0443463,-0.00142084,-0.0368743
105.125,0.00512077,0.0058619,0.998312,-0.0442411,-0.00141399,-0.0367868
105.375,0.00510798,0.00584843,0.99832,-0.0441364,-0.00140718,-0.0366997
105.625,0.00509524,0.00583502,0.998328,-0.0440321,-0.00140043,-0.036613
105.875,0.00508257,0.00582167,0.998336,-0.0439284,-0.00139372,-0.0365268
106.125,0.00506996,0.00580838,0.998344,-0.0438251,-0.00138705,-0.0364409
106.375,0.00505741,0.00579516,0.998351,-0.0437223,-0.00138044,-0.0363555
106.625,0.00504493,0.00578199,0.998359,-0.04362,-0.00137387,-0.0362704
106.875,0.0050325,0.00576888,0.998367,-0.0435182,-0.00136735,-0.0361858
107.125,0.00502014,0.00575583,0.998374,-0.0434168,-0.00136088,-0.0361015
107.375,0.00500784,0.00574284,0.998382,-0.043316,-0.00135445,-0.0360176
107.625,0.00499559,0.00572991,0.998389,-0.0432156,-0.00134806,-0.0359341
107.875,0.00498341,0.00571704,0.998397,-0.0431156,-0.00134172,-0.035851
108.125,0.00497128,0.00570423,0.998404,-0.0430161,-0.00133542,-0.0357683
108.375,0.00495922,0.00569147,0.998412,-0.0429171,-0.00132917,-0.035686
108.625,0.00494721,0.00567877,0.998419,-0.0428185,-0.00132296,-0.035604
108.875,0.00493526,0.00566612,0.998426,-0.0427204,-0.00131679,-0.0355225
109.125,0.00492337,0.00565353,0.998433,-0.0426227,-0.00131067,-0.0354412
109.375,0.00491153,0.005641,0.998441,-0.0425255,-0.00130459,-0.0353604
109.625,0.00489976,0.00562852,0.998448,-0.0424287,-0.00129855,-0.0352799
109.875,0.00488803,0.0056161,0.998455,-0.0423323,-0.00129255,-0.0351998
110.125,0.00487637,0.00560373,0.998462,-0.0422364,-0.00128659,-0.0351201
110.375,0.00486475,0.00559142,0.998469,-0.042141,-0.00128067,-0.0350407
110.625,0.0048532,0.00557916,0.998476,-0.0420459,-0.0012748,-0.0349617
110.875,0.0048417,0.00556695,0.998482,-0.0419513,-0.00126896,-0.034883
111.125,0.00483025,0.0055548,0.998489,-0.0418571,-0.00126316,-0.0348047
111.375,0.00481886,0.0055427,0.998496,-0.0417633,-0.0012574,-0.0347267
111.625,0.00480752,0.00553065,0.998503,-0.04167,-0.00125168,-0.0346491
111.875,0.00479623,0.00551865,0.998509,-0.041577,-0.001246,-0.0345718
112.125,0.00478499,0.00550671,0.998516,-0.0414845,-0.00124036,-0.0344949
112.375,0.00477381,0.00549481,0.998523,-0.0413924,-0.00123476,-0.0344183
112.625,0.00476268,0.00548297,0.998529,-0.0413007,-0.00122919,-0.0343421
112.875,0.0047516,0.00547118,0.998536,-0.0412094,-0.00122366,-0.0342662
113.125,0.00474058,0.00545944,0.998542,-0.0411185,-0.00121816,-0.0341906
113.375,0.0047296,0.00544775,0.998549,-0.041028,-0.00121271,-0.0341153
113.625,0.00471867,0.00543611,0.998555,-0.0409379,-0.00120729,-0.0340404
113.875,0.0047078,0.00542452,0.998561,-0.0408481,-0.0012019,-0.0339658
114.125,0.00469697,0.00541298,0.998568,-0.0407588,-0.00119655,-0.0338916
114.375,0.0046862,0.00540149,0.998574,-0.0406699,-0.00119124,-0.0338176
114.625,0.00467547,0.00539004,0.99858,-0.0405814,-0.00118596,-0.033744
114.875,0.00466479,0.00537865,0.998586,-0.0404932,-0.00118071,-0.0336707
115.125,0.00465416,0.0053673,0.998592,-0.0404054,-0.0011755,-0.0335977
115.375,0.00464358,0.005356,0.998598,-0.040318,-0.00117033,-0.0335251
115.625,0.00463305,0.00534475,0.998605,-0.040231,-0.00116518,-0.0334527
115.875,0.00462256,0.00533354,0.998611,-0.0401444,-0.00116007,-0.0333807
116.125,0.00461212,0.00532238,0.998617,-0.0400581,-0.001155,-0.033309
116.375,0.00460173,0.00531127,0.998622,-0.0399722,-0.00114995,-0.0332375
116.625,0.00459139,0.00530021,0.998628,-0.0398867,-0.00114494,-0.0331664
116.875,0.00458109,0.00528919,0.998634,-0.0398015,-0.00113997,-0.0330956
117.125,0.00457084,0.00527821,0.99864,-0.0397167,-0.00113502,-0.0330251
117.375,0.00456063,0.00526728,0.998646,-0.0396322,-0.0011301,-0.0329549
117.625,0.00455047,0.0052564,0.998652,-0.0395481,-0.00112522,-0.032885
117.875,0.00454035,0.00524556,0.998657,-0.0394644,-0.00112037,-0.0328153
118.125,0.00453028,0.00523477,0.998663,-0.039381,-0.00111555,-0.032746
118.375,0.00452025,0.00522402,0.998669,-0.039298,-0.00111076,-0.032677
118.625,0.00451027,0.00521331,0.998674,-0.0392153,-0.001106,-0.0326082
118.875,0.00450033,0.00520265,0.99868,-0.039133,-0.00110127,-0.0325398
119.125,0.00449043,0.00519203,0.998685,-0.039051,-0.00109657,-0.0324716
119.375,0.00448058,0.00518145,0.998691,-0.0389694,-0.0010919,-0.0324037
119.625,0.00447077,0.00517092,0.998696,-0.0388881,-0.00108726,-0.0323361
119.875,0.004461,0.00516043,0.998702,-0.0388071,-0.00108264,-0.0322688
120.125,0.00445128,0.00514998,0.998707,-0.0387265,-0.00107806,-0.0322018
120.375,0.0044416,0.00513957,0.998712,-0.0386462,-0.00107351,-0.032135
120.625,0.00443195,0.00512921,0.998718,-0.0385662,-0.00106898,-0.0320685
120.875,0.00442236,0.00511889,0.998723,-0.0384866,-0.00106448,-0.0320023
121.125,0.0044128,0.00510861,0.998728,-0.0384073,-0.00106001,-0.0319364
121.375,0.00440328,0.00509837,0.998734,-0.0383283,-0.00105557,-0.0318707
121.625,0.00439381,0.00508817,0.998739,-0.0382496,-0.00105116,-0.0318053
121.875,0.00438437,0.00507801,0.998744,-0.0381713,-0.00104677,-0.0317402
122.125,0.00437498,0.00506789,0.998749,-0.0380933,-0.00104241,-0.0316753
122.375,0.00436562,0.00505781,0.998754,-0.0380156,-0.00103808,-0.0316107
122.625,0.00435631,0.00504778,0.998759,-0.0379382,-0.00103377,-0.0315464
122.875,0.00434703,0.00503778,0.998764,-0.0378611,-0.00102949,-0.0314823
123.125,0.0043378,0.00502782,0.998769,-0.0377844,-0.00102524,-0.0314185
123.375,0.0043286,0.0050179,0.998774,-0.0377079,-0.00102101,-0.0313549
123.625,0.00431944,0.00500802,0.998779,-0.0376318,-0.00101681,-0.0312916
123.875,0.00431033,0.00499818,0.998784,-0.037556,-0.00101263,-0.0312286
124.125,0.00430124,0.00498838,0.998789,-0.0374804,-0.00100848,-0.0311658
124.375,0.0042922,0.00497861,0.998794,-0.0374052,-0.00100435,-0.0311032
124.625,0.0042832,0.00496888,0.998799,-0.0373303,-0.00100025,-0.031041
124.875,0.00427423,0.0049592,0.998804,-0.0372557,-0.000996177,-0.0309789
125.125,0.0042653,0.00494954,0.998808,-0.0371814,-0.000992125,-0.0309171
